{
  "version": "1.0",
  "defaultProvider": "cdnjs",
  "libraries": [
    {
      "library": "jquery@3.6.0",
      "destination": "wwwroot/lib/jquery/dist"
    },
    {
      "provider": "unpkg",
      "library": "jquery-validation@1.17.0",
      "destination": "wwwroot/lib/jquery-validation"
    },
    {
      "library": "jquery-validation-unobtrusive@4.0.0",
      "destination": "wwwroot/lib/jquery-validation-unobtrusive"
    },
    {
      "library": "bootstrap@5.1.0",
      "destination": "wwwroot/lib/bootstrap/dist"
    }
  ]
}